"id","experiment_id","sample_name_abbreviation","met_id","met_name","isotopomer_formula","met_elements","met_atompositions","ratio","supplier","supplier_reference","purity","comment_"
7,"WTEColi_113C80_U13C20_01","OxicWtGlc","glc_DASH_D_e","1-13C_D-Glucose","{[13C]HO,CH2O,CH2O,CH2O,CH2O,CH3O}","{C}","{1}","0.8","Cambridge Isotope Laboratories, Inc","CLM-420-PK","0.99",NULL
8,"WTEColi_113C80_U13C20_01","OxicWtGlc","glc_DASH_D_e","U-13C_D-Glucose","{[13C]HO,[13C]H2O,[13C]H2O,[13C]H2O,[13C]H2O,[13C]H3O}","{C,C,C,C,C,C}","{1,2,3,4,5,6}","0.2","Cambridge Isotope Laboratories, Inc","CLM-1396-PK ","0.99",NULL
9,"WTEColi12C01","OxicWtGlc","glc_DASH_D_e","D-Glucose","{CHO,CH2O,CH2O,CH2O,CH2O,CH3O}",NULL,NULL,"1","Sigma-Aldrich","G8270","0.995",NULL
10,"WTEColi12C02","OxicWtGlc","glc_DASH_D_e","D-Glucose","{CHO,CH2O,CH2O,CH2O,CH2O,CH3O}",NULL,NULL,"1","Sigma-Aldrich","G8270","0.995",NULL
21,"WTEColi_optTrDesign","1-13C80_U-13C20","glc_DASH_D_e","1-13C_D-Glucose","{[13C]HO,CH2O,CH2O,CH2O,CH2O,CH3O}","{C}","{1}","0.8","Cambridge Isotope Laboratories, Inc","CLM-420-PK","0.99",NULL
22,"WTEColi_optTrDesign","1-13C80_U-13C20","glc_DASH_D_e","U-13C_D-Glucose","{[13C]HO,[13C]H2O,[13C]H2O,[13C]H2O,[13C]H2O,[13C]H3O}","{C,C,C,C,C,C}","{1,2,3,4,5,6}","0.2","Cambridge Isotope Laboratories, Inc","CLM-1396-PK ","0.99",NULL
23,"WTEColi_optTrDesign","1-13C","glc_DASH_D_e","1-13C_D-Glucose","{[13C]HO,CH2O,CH2O,CH2O,CH2O,CH3O}","{C}","{1}","1",NULL,NULL,"0.99",NULL
24,"WTEColi_optTrDesign","2-13C","glc_DASH_D_e","2-13C_D-Glucose","{CHO,[13C]H2O,CH2O,CH2O,CH2O,CH3O}","{C}","{2}","1",NULL,NULL,"0.99",NULL
25,"WTEColi_optTrDesign","3-13C","glc_DASH_D_e","3-13C_D-Glucose","{CHO,CH2O,[13C]H2O,CH2O,CH2O,CH3O}","{C}","{3}","1",NULL,NULL,"0.99",NULL
26,"WTEColi_optTrDesign","4-13C","glc_DASH_D_e","4-13C_D-Glucose","{CHO,CH2O,CH2O,[13C]H2O,CH2O,CH3O}","{C}","{4}","1",NULL,NULL,"0.99",NULL
27,"WTEColi_optTrDesign","5-13C","glc_DASH_D_e","5-13C_D-Glucose","{CHO,CH2O,CH2O,CH2O,[13C]H2O,CH3O}","{C}","{5}","1",NULL,NULL,"0.99",NULL
28,"WTEColi_optTrDesign","6-13C","glc_DASH_D_e","6-13C_D-Glucose","{CHO,CH2O,CH2O,CH2O,CH2O,[13C]H3O}","{C}","{6}","1",NULL,NULL,"0.99",NULL
29,"WTEColi_optTrDesign","1-2-13C","glc_DASH_D_e","1-2-13C_D-Glucose","{[13C]HO,[13C]H2O,CH2O,CH2O,CH2O,CH3O}","{C,C}","{1,2}","1",NULL,NULL,"0.99",NULL
30,"WTEColi_optTrDesign","2-3-13C","glc_DASH_D_e","2-3-13C_D-Glucose","{CHO,[13C]H2O,[13C]H2O,CH2O,CH2O,CH3O}","{C,C}","{2,3}","1",NULL,NULL,"0.99",NULL
31,"WTEColi_optTrDesign","3-4-13C","glc_DASH_D_e","3-4-13C_D-Glucose","{CHO,CH2O,[13C]H2O,[13C]H2O,CH2O,CH3O}","{C,C}","{3,4}","1",NULL,NULL,"0.99",NULL
32,"WTEColi_optTrDesign","4-5-13C","glc_DASH_D_e","4-5-13C_D-Glucose","{CHO,CH2O,CH2O,[13C]H2O,[13C]H2O,CH3O}","{C,C}","{4,5}","1",NULL,NULL,"0.99",NULL
33,"WTEColi_optTrDesign","5-6-13C","glc_DASH_D_e","5-6-13C_D-Glucose","{CHO,CH2O,CH2O,CH2O,[13C]H2O,[13C]H3O}","{C,C}","{5,6}","1",NULL,NULL,"0.99",NULL
12,"ALEsKOs01","OxicEvo04Ecoli13CGlc","glc_DASH_D_e","U-13C_D-Glucose","{[13C]HO,[13C]H2O,[13C]H2O,[13C]H2O,[13C]H2O,[13C]H3O}","{C,C,C,C,C,C}","{1,2,3,4,5,6}","0.2","Cambridge Isotope Laboratories, Inc","CLM-1396-PK ","0.99",NULL
13,"ALEsKOs01","OxicEvo04tpiAEcoli13CGlc","glc_DASH_D_e","1-13C_D-Glucose","{[13C]HO,CH2O,CH2O,CH2O,CH2O,CH3O}","{C}","{1}","0.8","Cambridge Isotope Laboratories, Inc","CLM-420-PK","0.99",NULL
14,"ALEsKOs01","OxicEvo04tpiAEcoli13CGlc","glc_DASH_D_e","U-13C_D-Glucose","{[13C]HO,[13C]H2O,[13C]H2O,[13C]H2O,[13C]H2O,[13C]H3O}","{C,C,C,C,C,C}","{1,2,3,4,5,6}","0.2","Cambridge Isotope Laboratories, Inc","CLM-1396-PK ","0.99",NULL
15,"ALEsKOs01","OxicEvo04sdhCBEcoli13CGlc","glc_DASH_D_e","1-13C_D-Glucose","{[13C]HO,CH2O,CH2O,CH2O,CH2O,CH3O}","{C}","{1}","0.8","Cambridge Isotope Laboratories, Inc","CLM-420-PK","0.99",NULL
16,"ALEsKOs01","OxicEvo04sdhCBEcoli13CGlc","glc_DASH_D_e","U-13C_D-Glucose","{[13C]HO,[13C]H2O,[13C]H2O,[13C]H2O,[13C]H2O,[13C]H3O}","{C,C,C,C,C,C}","{1,2,3,4,5,6}","0.2","Cambridge Isotope Laboratories, Inc","CLM-1396-PK ","0.99",NULL
17,"ALEsKOs01","OxicEvo04pgiEcoli13CGlc","glc_DASH_D_e","1-13C_D-Glucose","{[13C]HO,CH2O,CH2O,CH2O,CH2O,CH3O}","{C}","{1}","0.8","Cambridge Isotope Laboratories, Inc","CLM-420-PK","0.99",NULL
18,"ALEsKOs01","OxicEvo04pgiEcoli13CGlc","glc_DASH_D_e","U-13C_D-Glucose","{[13C]HO,[13C]H2O,[13C]H2O,[13C]H2O,[13C]H2O,[13C]H3O}","{C,C,C,C,C,C}","{1,2,3,4,5,6}","0.2","Cambridge Isotope Laboratories, Inc","CLM-1396-PK ","0.99",NULL
19,"ALEsKOs01","OxicEvo04gndEcoli13CGlc","glc_DASH_D_e","1-13C_D-Glucose","{[13C]HO,CH2O,CH2O,CH2O,CH2O,CH3O}","{C}","{1}","0.8","Cambridge Isotope Laboratories, Inc","CLM-420-PK","0.99",NULL
20,"ALEsKOs01","OxicEvo04gndEcoli13CGlc","glc_DASH_D_e","U-13C_D-Glucose","{[13C]HO,[13C]H2O,[13C]H2O,[13C]H2O,[13C]H2O,[13C]H3O}","{C,C,C,C,C,C}","{1,2,3,4,5,6}","0.2","Cambridge Isotope Laboratories, Inc","CLM-1396-PK ","0.99",NULL
34,"WTEColi_optTrDesign","1-6-13C","glc_DASH_D_e","1-6-13C_D-Glucose","{[13C]HO,CH2O,CH2O,CH2O,CH2O,[13C]H3O}","{C,C}","{1,6}","1",NULL,NULL,"0.99",NULL
35,"WTEColi_optTrDesign","2-5-13C","glc_DASH_D_e","2-5-13C_D-Glucose","{CHO,[13C]H2O,CH2O,CH2O,[13C]H2O,CH3O}","{C,C}","{2,5}","1",NULL,NULL,"0.99",NULL
36,"WTEColi_optTrDesign","1-2-3-13C","glc_DASH_D_e","1-2-3-13C_D-Glucose","{[13C]HO,[13C]H2O,[13C]H2O,CH2O,CH2O,CH3O}","{C,C,C}","{1,2,3}","1",NULL,NULL,"0.99",NULL
37,"WTEColi_optTrDesign","4-5-6-13C","glc_DASH_D_e","4-5-6-13C_D-Glucose","{CHO,CH2O,CH2O,[13C]H2O,[13C]H2O,[13C]H3O}","{C,C,C}","{4,5,6}","1",NULL,NULL,"0.99",NULL
38,"WTEColi_optTrDesign","2-13C80_U-13C20","glc_DASH_D_e","2-13C_D-Glucose","{CHO,[13C]H2O,CH2O,CH2O,CH2O,CH3O}","{C}","{2}","0.8",NULL,NULL,"0.99",NULL
39,"WTEColi_optTrDesign","2-13C80_U-13C20","glc_DASH_D_e","U-13C_D-Glucose","{[13C]HO,[13C]H2O,[13C]H2O,[13C]H2O,[13C]H2O,[13C]H3O}","{C,C,C,C,C,C}","{1,2,3,4,5,6}","0.2","Cambridge Isotope Laboratories, Inc","CLM-1396-PK ","0.99",NULL
40,"WTEColi_optTrDesign","3-13C80_U-13C20","glc_DASH_D_e","3-13C_D-Glucose","{CHO,CH2O,[13C]H2O,CH2O,CH2O,CH3O}","{C}","{3}","0.8",NULL,NULL,"0.99",NULL
41,"WTEColi_optTrDesign","3-13C80_U-13C20","glc_DASH_D_e","U-13C_D-Glucose","{[13C]HO,[13C]H2O,[13C]H2O,[13C]H2O,[13C]H2O,[13C]H3O}","{C,C,C,C,C,C}","{1,2,3,4,5,6}","0.2","Cambridge Isotope Laboratories, Inc","CLM-1396-PK ","0.99",NULL
42,"WTEColi_optTrDesign","4-13C80_U-13C20","glc_DASH_D_e","4-13C_D-Glucose","{CHO,CH2O,CH2O,[13C]H2O,CH2O,CH3O}","{C}","{4}","0.8",NULL,NULL,"0.99",NULL
43,"WTEColi_optTrDesign","4-13C80_U-13C20","glc_DASH_D_e","U-13C_D-Glucose","{[13C]HO,[13C]H2O,[13C]H2O,[13C]H2O,[13C]H2O,[13C]H3O}","{C,C,C,C,C,C}","{1,2,3,4,5,6}","0.2","Cambridge Isotope Laboratories, Inc","CLM-1396-PK ","0.99",NULL
44,"WTEColi_optTrDesign","5-13C80_U-13C20","glc_DASH_D_e","5-13C_D-Glucose","{CHO,CH2O,CH2O,CH2O,[13C]H2O,CH3O}","{C}","{5}","0.8",NULL,NULL,"0.99",NULL
45,"WTEColi_optTrDesign","5-13C80_U-13C20","glc_DASH_D_e","U-13C_D-Glucose","{[13C]HO,[13C]H2O,[13C]H2O,[13C]H2O,[13C]H2O,[13C]H3O}","{C,C,C,C,C,C}","{1,2,3,4,5,6}","0.2","Cambridge Isotope Laboratories, Inc","CLM-1396-PK ","0.99",NULL
46,"WTEColi_optTrDesign","6-13C80_U-13C20","glc_DASH_D_e","6-13C_D-Glucose","{CHO,CH2O,CH2O,CH2O,CH2O,[13C]H3O}","{C}","{6}","0.8",NULL,NULL,"0.99",NULL
47,"WTEColi_optTrDesign","6-13C80_U-13C20","glc_DASH_D_e","U-13C_D-Glucose","{[13C]HO,[13C]H2O,[13C]H2O,[13C]H2O,[13C]H2O,[13C]H3O}","{C,C,C,C,C,C}","{1,2,3,4,5,6}","0.2","Cambridge Isotope Laboratories, Inc","CLM-1396-PK ","0.99",NULL
48,"WTEColi_optTrDesign","1-13C40_5-13C40_U-13C20","glc_DASH_D_e","1-13C_D-Glucose","{[13C]HO,CH2O,CH2O,CH2O,CH2O,CH3O}","{C}","{1}","0.4",NULL,NULL,"0.99",NULL
49,"WTEColi_optTrDesign","1-13C40_5-13C40_U-13C20","glc_DASH_D_e","5-13C_D-Glucose","{CHO,CH2O,CH2O,CH2O,[13C]H2O,CH3O}","{C}","{5}","0.4",NULL,NULL,"0.99",NULL
50,"WTEColi_optTrDesign","1-13C40_5-13C40_U-13C20","glc_DASH_D_e","U-13C_D-Glucose","{[13C]HO,[13C]H2O,[13C]H2O,[13C]H2O,[13C]H2O,[13C]H3O}","{C,C,C,C,C,C}","{1,2,3,4,5,6}","0.2","Cambridge Isotope Laboratories, Inc","CLM-1396-PK ","0.99",NULL
51,"WTEColi_optTrDesign","2-3-13C80_U-13C20","glc_DASH_D_e","2-3-13C_D-Glucose","{CHO,[13C]H2O,[13C]H2O,CH2O,CH2O,CH3O}","{C,C}","{2,3}","0.8",NULL,NULL,"0.99",NULL
52,"WTEColi_optTrDesign","2-3-13C80_U-13C20","glc_DASH_D_e","U-13C_D-Glucose","{[13C]HO,[13C]H2O,[13C]H2O,[13C]H2O,[13C]H2O,[13C]H3O}","{C,C,C,C,C,C}","{1,2,3,4,5,6}","0.2","Cambridge Isotope Laboratories, Inc","CLM-1396-PK ","0.99",NULL
53,"WTEColi_optTrDesign","1-2-13C80_U-13C20","glc_DASH_D_e","1-2-13C_D-Glucose","{[13C]HO,[13C]H2O,CH2O,CH2O,CH2O,CH3O}","{C,C}","{1,2}","0.8",NULL,NULL,"0.99",NULL
54,"WTEColi_optTrDesign","1-2-13C80_U-13C20","glc_DASH_D_e","U-13C_D-Glucose","{[13C]HO,[13C]H2O,[13C]H2O,[13C]H2O,[13C]H2O,[13C]H3O}","{C,C,C,C,C,C}","{1,2,3,4,5,6}","0.2","Cambridge Isotope Laboratories, Inc","CLM-1396-PK ","0.99",NULL
55,"WTEColi_optTrDesign","2-13C40_5-13C40_U-13C20","glc_DASH_D_e","2-13C_D-Glucose","{CHO,[13C]H2O,CH2O,CH2O,CH2O,CH3O}","{C}","{2}","1",NULL,NULL,"0.99",NULL
56,"WTEColi_optTrDesign","2-13C40_5-13C40_U-13C20","glc_DASH_D_e","5-13C_D-Glucose","{CHO,CH2O,CH2O,CH2O,[13C]H2O,CH3O}","{C}","{5}","0.4",NULL,NULL,"0.99",NULL
57,"WTEColi_optTrDesign","2-13C40_5-13C40_U-13C20","glc_DASH_D_e","U-13C_D-Glucose","{[13C]HO,[13C]H2O,[13C]H2O,[13C]H2O,[13C]H2O,[13C]H3O}","{C,C,C,C,C,C}","{1,2,3,4,5,6}","0.2","Cambridge Isotope Laboratories, Inc","CLM-1396-PK ","0.99",NULL
58,"WTEColi_optTrDesign","1-2-13C40_5-13C40_U-13C20","glc_DASH_D_e","1-2-13C_D-Glucose","{[13C]HO,[13C]H2O,CH2O,CH2O,CH2O,CH3O}","{C,C}","{1,2}","1",NULL,NULL,"0.99",NULL
59,"WTEColi_optTrDesign","1-2-13C40_5-13C40_U-13C20","glc_DASH_D_e","5-13C_D-Glucose","{CHO,CH2O,CH2O,CH2O,[13C]H2O,CH3O}","{C}","{5}","0.4",NULL,NULL,"0.99",NULL
60,"WTEColi_optTrDesign","1-2-13C40_5-13C40_U-13C20","glc_DASH_D_e","U-13C_D-Glucose","{[13C]HO,[13C]H2O,[13C]H2O,[13C]H2O,[13C]H2O,[13C]H3O}","{C,C,C,C,C,C}","{1,2,3,4,5,6}","0.2","Cambridge Isotope Laboratories, Inc","CLM-1396-PK ","0.99",NULL
11,"ALEsKOs01","OxicEvo04Ecoli13CGlc","glc_DASH_D_e","1-13C_D-Glucose","{[13C]HO,CH2O,CH2O,CH2O,CH2O,CH3O}","{C}","{1}","0.8","Cambridge Isotope Laboratories, Inc","CLM-420-PK","0.99",NULL
62,"ALEWt01","OxicEvo05Ecoli13CGlc","glc_DASH_D_e","1-13C_D-Glucose","{[13C]HO,CH2O,CH2O,CH2O,CH2O,CH3O}","{C}","{1}","0.8","Cambridge Isotope Laboratories, Inc","CLM-420-PK","0.99",NULL
63,"ALEWt01","OxicEvo05Ecoli13CGlc","glc_DASH_D_e","U-13C_D-Glucose","{[13C]HO,[13C]H2O,[13C]H2O,[13C]H2O,[13C]H2O,[13C]H3O}","{C,C,C,C,C,C}","{1,2,3,4,5,6}","0.2","Cambridge Isotope Laboratories, Inc","CLM-1396-PK ","0.99",NULL
64,"ALEWt01","OxicEvo10Ecoli13CGlc","glc_DASH_D_e","1-13C_D-Glucose","{[13C]HO,CH2O,CH2O,CH2O,CH2O,CH3O}","{C}","{1}","0.8","Cambridge Isotope Laboratories, Inc","CLM-420-PK","0.99",NULL
65,"ALEWt01","OxicEvo10Ecoli13CGlc","glc_DASH_D_e","U-13C_D-Glucose","{[13C]HO,[13C]H2O,[13C]H2O,[13C]H2O,[13C]H2O,[13C]H3O}","{C,C,C,C,C,C}","{1,2,3,4,5,6}","0.2","Cambridge Isotope Laboratories, Inc","CLM-1396-PK ","0.99",NULL
66,"WTEColi_113C80_U13C20_02","OxicWtGlc","glc_DASH_D_e","1-13C_D-Glucose","{[13C]HO,CH2O,CH2O,CH2O,CH2O,CH3O}","{C}","{1}","0.8","Cambridge Isotope Laboratories, Inc","CLM-420-PK","0.99",NULL
67,"WTEColi_113C80_U13C20_02","OxicWtGlc","glc_DASH_D_e","U-13C_D-Glucose","{[13C]HO,[13C]H2O,[13C]H2O,[13C]H2O,[13C]H2O,[13C]H3O}","{C,C,C,C,C,C}","{1,2,3,4,5,6}","0.2","Cambridge Isotope Laboratories, Inc","CLM-1396-PK ","0.99",NULL
68,"ALEWt01","OxicEvo03Ecoli13CGlc","glc_DASH_D_e","1-13C_D-Glucose","{[13C]HO,CH2O,CH2O,CH2O,CH2O,CH3O}","{C}","{1}","0.8","Cambridge Isotope Laboratories, Inc","CLM-420-PK","0.99",NULL
69,"ALEWt01","OxicEvo03Ecoli13CGlc","glc_DASH_D_e","U-13C_D-Glucose","{[13C]HO,[13C]H2O,[13C]H2O,[13C]H2O,[13C]H2O,[13C]H3O}","{C,C,C,C,C,C}","{1,2,3,4,5,6}","0.2","Cambridge Isotope Laboratories, Inc","CLM-1396-PK ","0.99",NULL
70,"ALEWt01","OxicEvo08Ecoli13CGlc","glc_DASH_D_e","1-13C_D-Glucose","{[13C]HO,CH2O,CH2O,CH2O,CH2O,CH3O}","{C}","{1}","0.8","Cambridge Isotope Laboratories, Inc","CLM-420-PK","0.99",NULL
71,"ALEWt01","OxicEvo08Ecoli13CGlc","glc_DASH_D_e","U-13C_D-Glucose","{[13C]HO,[13C]H2O,[13C]H2O,[13C]H2O,[13C]H2O,[13C]H3O}","{C,C,C,C,C,C}","{1,2,3,4,5,6}","0.2","Cambridge Isotope Laboratories, Inc","CLM-1396-PK ","0.99",NULL
72,"ALEWt01","OxicEvo09Ecoli13CGlc","glc_DASH_D_e","1-13C_D-Glucose","{[13C]HO,CH2O,CH2O,CH2O,CH2O,CH3O}","{C}","{1}","0.8","Cambridge Isotope Laboratories, Inc","CLM-420-PK","0.99",NULL
73,"ALEWt01","OxicEvo09Ecoli13CGlc","glc_DASH_D_e","U-13C_D-Glucose","{[13C]HO,[13C]H2O,[13C]H2O,[13C]H2O,[13C]H2O,[13C]H3O}","{C,C,C,C,C,C}","{1,2,3,4,5,6}","0.2","Cambridge Isotope Laboratories, Inc","CLM-1396-PK ","0.99",NULL
74,"ALEsKOs01","OxicEvo04Evo01EPEcoli13CGlc","glc_DASH_D_e","1-13C_D-Glucose","{[13C]HO,CH2O,CH2O,CH2O,CH2O,CH3O}","{C}","{1}","0.8","Cambridge Isotope Laboratories, Inc","CLM-420-PK","0.99",NULL
75,"ALEsKOs01","OxicEvo04Evo02EPEcoli13CGlc","glc_DASH_D_e","1-13C_D-Glucose","{[13C]HO,CH2O,CH2O,CH2O,CH2O,CH3O}","{C}","{1}","0.8","Cambridge Isotope Laboratories, Inc","CLM-420-PK","0.99",NULL
76,"ALEsKOs01","OxicEvo04gndEvo01EPEcoli13CGlc","glc_DASH_D_e","1-13C_D-Glucose","{[13C]HO,CH2O,CH2O,CH2O,CH2O,CH3O}","{C}","{1}","0.8","Cambridge Isotope Laboratories, Inc","CLM-420-PK","0.99",NULL
77,"ALEsKOs01","OxicEvo04gndEvo02EPEcoli13CGlc","glc_DASH_D_e","1-13C_D-Glucose","{[13C]HO,CH2O,CH2O,CH2O,CH2O,CH3O}","{C}","{1}","0.8","Cambridge Isotope Laboratories, Inc","CLM-420-PK","0.99",NULL
78,"ALEsKOs01","OxicEvo04gndEvo03EPEcoli13CGlc","glc_DASH_D_e","1-13C_D-Glucose","{[13C]HO,CH2O,CH2O,CH2O,CH2O,CH3O}","{C}","{1}","0.8","Cambridge Isotope Laboratories, Inc","CLM-420-PK","0.99",NULL
79,"ALEsKOs01","OxicEvo04pgiEvo01EPEcoli13CGlc","glc_DASH_D_e","1-13C_D-Glucose","{[13C]HO,CH2O,CH2O,CH2O,CH2O,CH3O}","{C}","{1}","0.8","Cambridge Isotope Laboratories, Inc","CLM-420-PK","0.99",NULL
80,"ALEsKOs01","OxicEvo04pgiEvo02EPEcoli13CGlc","glc_DASH_D_e","1-13C_D-Glucose","{[13C]HO,CH2O,CH2O,CH2O,CH2O,CH3O}","{C}","{1}","0.8","Cambridge Isotope Laboratories, Inc","CLM-420-PK","0.99",NULL
81,"ALEsKOs01","OxicEvo04pgiEvo03EPEcoli13CGlc","glc_DASH_D_e","1-13C_D-Glucose","{[13C]HO,CH2O,CH2O,CH2O,CH2O,CH3O}","{C}","{1}","0.8","Cambridge Isotope Laboratories, Inc","CLM-420-PK","0.99",NULL
82,"ALEsKOs01","OxicEvo04pgiEvo04EPEcoli13CGlc","glc_DASH_D_e","1-13C_D-Glucose","{[13C]HO,CH2O,CH2O,CH2O,CH2O,CH3O}","{C}","{1}","0.8","Cambridge Isotope Laboratories, Inc","CLM-420-PK","0.99",NULL
83,"ALEsKOs01","OxicEvo04pgiEvo05EPEcoli13CGlc","glc_DASH_D_e","1-13C_D-Glucose","{[13C]HO,CH2O,CH2O,CH2O,CH2O,CH3O}","{C}","{1}","0.8","Cambridge Isotope Laboratories, Inc","CLM-420-PK","0.99",NULL
84,"ALEsKOs01","OxicEvo04pgiEvo06EPEcoli13CGlc","glc_DASH_D_e","1-13C_D-Glucose","{[13C]HO,CH2O,CH2O,CH2O,CH2O,CH3O}","{C}","{1}","0.8","Cambridge Isotope Laboratories, Inc","CLM-420-PK","0.99",NULL
85,"ALEsKOs01","OxicEvo04pgiEvo07EPEcoli13CGlc","glc_DASH_D_e","1-13C_D-Glucose","{[13C]HO,CH2O,CH2O,CH2O,CH2O,CH3O}","{C}","{1}","0.8","Cambridge Isotope Laboratories, Inc","CLM-420-PK","0.99",NULL
86,"ALEsKOs01","OxicEvo04pgiEvo08EPEcoli13CGlc","glc_DASH_D_e","1-13C_D-Glucose","{[13C]HO,CH2O,CH2O,CH2O,CH2O,CH3O}","{C}","{1}","0.8","Cambridge Isotope Laboratories, Inc","CLM-420-PK","0.99",NULL
87,"ALEsKOs01","OxicEvo04ptsHIcrrEvo01EPEcoli13CGlc","glc_DASH_D_e","1-13C_D-Glucose","{[13C]HO,CH2O,CH2O,CH2O,CH2O,CH3O}","{C}","{1}","0.8","Cambridge Isotope Laboratories, Inc","CLM-420-PK","0.99",NULL
88,"ALEsKOs01","OxicEvo04ptsHIcrrEvo02EPEcoli13CGlc","glc_DASH_D_e","1-13C_D-Glucose","{[13C]HO,CH2O,CH2O,CH2O,CH2O,CH3O}","{C}","{1}","0.8","Cambridge Isotope Laboratories, Inc","CLM-420-PK","0.99",NULL
89,"ALEsKOs01","OxicEvo04ptsHIcrrEvo03EPEcoli13CGlc","glc_DASH_D_e","1-13C_D-Glucose","{[13C]HO,CH2O,CH2O,CH2O,CH2O,CH3O}","{C}","{1}","0.8","Cambridge Isotope Laboratories, Inc","CLM-420-PK","0.99",NULL
90,"ALEsKOs01","OxicEvo04ptsHIcrrEvo04EPEcoli13CGlc","glc_DASH_D_e","1-13C_D-Glucose","{[13C]HO,CH2O,CH2O,CH2O,CH2O,CH3O}","{C}","{1}","0.8","Cambridge Isotope Laboratories, Inc","CLM-420-PK","0.99",NULL
91,"ALEsKOs01","OxicEvo04sdhCBEvo01EPEcoli13CGlc","glc_DASH_D_e","1-13C_D-Glucose","{[13C]HO,CH2O,CH2O,CH2O,CH2O,CH3O}","{C}","{1}","0.8","Cambridge Isotope Laboratories, Inc","CLM-420-PK","0.99",NULL
92,"ALEsKOs01","OxicEvo04sdhCBEvo02EPEcoli13CGlc","glc_DASH_D_e","1-13C_D-Glucose","{[13C]HO,CH2O,CH2O,CH2O,CH2O,CH3O}","{C}","{1}","0.8","Cambridge Isotope Laboratories, Inc","CLM-420-PK","0.99",NULL
93,"ALEsKOs01","OxicEvo04sdhCBEvo03EPEcoli13CGlc","glc_DASH_D_e","1-13C_D-Glucose","{[13C]HO,CH2O,CH2O,CH2O,CH2O,CH3O}","{C}","{1}","0.8","Cambridge Isotope Laboratories, Inc","CLM-420-PK","0.99",NULL
94,"ALEsKOs01","OxicEvo04tpiAEvo01EPEcoli13CGlc","glc_DASH_D_e","1-13C_D-Glucose","{[13C]HO,CH2O,CH2O,CH2O,CH2O,CH3O}","{C}","{1}","0.8","Cambridge Isotope Laboratories, Inc","CLM-420-PK","0.99",NULL
95,"ALEsKOs01","OxicEvo04tpiAEvo02EPEcoli13CGlc","glc_DASH_D_e","1-13C_D-Glucose","{[13C]HO,CH2O,CH2O,CH2O,CH2O,CH3O}","{C}","{1}","0.8","Cambridge Isotope Laboratories, Inc","CLM-420-PK","0.99",NULL
96,"ALEsKOs01","OxicEvo04tpiAEvo03EPEcoli13CGlc","glc_DASH_D_e","1-13C_D-Glucose","{[13C]HO,CH2O,CH2O,CH2O,CH2O,CH3O}","{C}","{1}","0.8","Cambridge Isotope Laboratories, Inc","CLM-420-PK","0.99",NULL
97,"ALEsKOs01","OxicEvo04tpiAEvo04EPEcoli13CGlc","glc_DASH_D_e","1-13C_D-Glucose","{[13C]HO,CH2O,CH2O,CH2O,CH2O,CH3O}","{C}","{1}","0.8","Cambridge Isotope Laboratories, Inc","CLM-420-PK","0.99",NULL
98,"ALEsKOs01","OxicEvo04ptsHIcrrEcoli13CGlc","glc_DASH_D_e","1-13C_D-Glucose","{[13C]HO,CH2O,CH2O,CH2O,CH2O,CH3O}","{C}","{1}","0.8","Cambridge Isotope Laboratories, Inc","CLM-420-PK","0.99",NULL
99,"ALEsKOs01","OxicEvo04Evo01EPEcoli13CGlc","glc_DASH_D_e","U-13C_D-Glucose","{[13C]HO,[13C]H2O,[13C]H2O,[13C]H2O,[13C]H2O,[13C]H3O}","{C,C,C,C,C,C}","{1,2,3,4,5,6}","0.2","Cambridge Isotope Laboratories, Inc","CLM-1396-PK ","0.99",NULL
100,"ALEsKOs01","OxicEvo04Evo02EPEcoli13CGlc","glc_DASH_D_e","U-13C_D-Glucose","{[13C]HO,[13C]H2O,[13C]H2O,[13C]H2O,[13C]H2O,[13C]H3O}","{C,C,C,C,C,C}","{1,2,3,4,5,6}","0.2","Cambridge Isotope Laboratories, Inc","CLM-1396-PK ","0.99",NULL
101,"ALEsKOs01","OxicEvo04gndEvo01EPEcoli13CGlc","glc_DASH_D_e","U-13C_D-Glucose","{[13C]HO,[13C]H2O,[13C]H2O,[13C]H2O,[13C]H2O,[13C]H3O}","{C,C,C,C,C,C}","{1,2,3,4,5,6}","0.2","Cambridge Isotope Laboratories, Inc","CLM-1396-PK ","0.99",NULL
102,"ALEsKOs01","OxicEvo04gndEvo02EPEcoli13CGlc","glc_DASH_D_e","U-13C_D-Glucose","{[13C]HO,[13C]H2O,[13C]H2O,[13C]H2O,[13C]H2O,[13C]H3O}","{C,C,C,C,C,C}","{1,2,3,4,5,6}","0.2","Cambridge Isotope Laboratories, Inc","CLM-1396-PK ","0.99",NULL
103,"ALEsKOs01","OxicEvo04gndEvo03EPEcoli13CGlc","glc_DASH_D_e","U-13C_D-Glucose","{[13C]HO,[13C]H2O,[13C]H2O,[13C]H2O,[13C]H2O,[13C]H3O}","{C,C,C,C,C,C}","{1,2,3,4,5,6}","0.2","Cambridge Isotope Laboratories, Inc","CLM-1396-PK ","0.99",NULL
104,"ALEsKOs01","OxicEvo04pgiEvo01EPEcoli13CGlc","glc_DASH_D_e","U-13C_D-Glucose","{[13C]HO,[13C]H2O,[13C]H2O,[13C]H2O,[13C]H2O,[13C]H3O}","{C,C,C,C,C,C}","{1,2,3,4,5,6}","0.2","Cambridge Isotope Laboratories, Inc","CLM-1396-PK ","0.99",NULL
105,"ALEsKOs01","OxicEvo04pgiEvo02EPEcoli13CGlc","glc_DASH_D_e","U-13C_D-Glucose","{[13C]HO,[13C]H2O,[13C]H2O,[13C]H2O,[13C]H2O,[13C]H3O}","{C,C,C,C,C,C}","{1,2,3,4,5,6}","0.2","Cambridge Isotope Laboratories, Inc","CLM-1396-PK ","0.99",NULL
106,"ALEsKOs01","OxicEvo04pgiEvo03EPEcoli13CGlc","glc_DASH_D_e","U-13C_D-Glucose","{[13C]HO,[13C]H2O,[13C]H2O,[13C]H2O,[13C]H2O,[13C]H3O}","{C,C,C,C,C,C}","{1,2,3,4,5,6}","0.2","Cambridge Isotope Laboratories, Inc","CLM-1396-PK ","0.99",NULL
107,"ALEsKOs01","OxicEvo04pgiEvo04EPEcoli13CGlc","glc_DASH_D_e","U-13C_D-Glucose","{[13C]HO,[13C]H2O,[13C]H2O,[13C]H2O,[13C]H2O,[13C]H3O}","{C,C,C,C,C,C}","{1,2,3,4,5,6}","0.2","Cambridge Isotope Laboratories, Inc","CLM-1396-PK ","0.99",NULL
108,"ALEsKOs01","OxicEvo04pgiEvo05EPEcoli13CGlc","glc_DASH_D_e","U-13C_D-Glucose","{[13C]HO,[13C]H2O,[13C]H2O,[13C]H2O,[13C]H2O,[13C]H3O}","{C,C,C,C,C,C}","{1,2,3,4,5,6}","0.2","Cambridge Isotope Laboratories, Inc","CLM-1396-PK ","0.99",NULL
109,"ALEsKOs01","OxicEvo04pgiEvo06EPEcoli13CGlc","glc_DASH_D_e","U-13C_D-Glucose","{[13C]HO,[13C]H2O,[13C]H2O,[13C]H2O,[13C]H2O,[13C]H3O}","{C,C,C,C,C,C}","{1,2,3,4,5,6}","0.2","Cambridge Isotope Laboratories, Inc","CLM-1396-PK ","0.99",NULL
110,"ALEsKOs01","OxicEvo04pgiEvo07EPEcoli13CGlc","glc_DASH_D_e","U-13C_D-Glucose","{[13C]HO,[13C]H2O,[13C]H2O,[13C]H2O,[13C]H2O,[13C]H3O}","{C,C,C,C,C,C}","{1,2,3,4,5,6}","0.2","Cambridge Isotope Laboratories, Inc","CLM-1396-PK ","0.99",NULL
111,"ALEsKOs01","OxicEvo04pgiEvo08EPEcoli13CGlc","glc_DASH_D_e","U-13C_D-Glucose","{[13C]HO,[13C]H2O,[13C]H2O,[13C]H2O,[13C]H2O,[13C]H3O}","{C,C,C,C,C,C}","{1,2,3,4,5,6}","0.2","Cambridge Isotope Laboratories, Inc","CLM-1396-PK ","0.99",NULL
112,"ALEsKOs01","OxicEvo04ptsHIcrrEvo01EPEcoli13CGlc","glc_DASH_D_e","U-13C_D-Glucose","{[13C]HO,[13C]H2O,[13C]H2O,[13C]H2O,[13C]H2O,[13C]H3O}","{C,C,C,C,C,C}","{1,2,3,4,5,6}","0.2","Cambridge Isotope Laboratories, Inc","CLM-1396-PK ","0.99",NULL
113,"ALEsKOs01","OxicEvo04ptsHIcrrEvo02EPEcoli13CGlc","glc_DASH_D_e","U-13C_D-Glucose","{[13C]HO,[13C]H2O,[13C]H2O,[13C]H2O,[13C]H2O,[13C]H3O}","{C,C,C,C,C,C}","{1,2,3,4,5,6}","0.2","Cambridge Isotope Laboratories, Inc","CLM-1396-PK ","0.99",NULL
114,"ALEsKOs01","OxicEvo04ptsHIcrrEvo03EPEcoli13CGlc","glc_DASH_D_e","U-13C_D-Glucose","{[13C]HO,[13C]H2O,[13C]H2O,[13C]H2O,[13C]H2O,[13C]H3O}","{C,C,C,C,C,C}","{1,2,3,4,5,6}","0.2","Cambridge Isotope Laboratories, Inc","CLM-1396-PK ","0.99",NULL
115,"ALEsKOs01","OxicEvo04ptsHIcrrEvo04EPEcoli13CGlc","glc_DASH_D_e","U-13C_D-Glucose","{[13C]HO,[13C]H2O,[13C]H2O,[13C]H2O,[13C]H2O,[13C]H3O}","{C,C,C,C,C,C}","{1,2,3,4,5,6}","0.2","Cambridge Isotope Laboratories, Inc","CLM-1396-PK ","0.99",NULL
116,"ALEsKOs01","OxicEvo04sdhCBEvo01EPEcoli13CGlc","glc_DASH_D_e","U-13C_D-Glucose","{[13C]HO,[13C]H2O,[13C]H2O,[13C]H2O,[13C]H2O,[13C]H3O}","{C,C,C,C,C,C}","{1,2,3,4,5,6}","0.2","Cambridge Isotope Laboratories, Inc","CLM-1396-PK ","0.99",NULL
117,"ALEsKOs01","OxicEvo04sdhCBEvo02EPEcoli13CGlc","glc_DASH_D_e","U-13C_D-Glucose","{[13C]HO,[13C]H2O,[13C]H2O,[13C]H2O,[13C]H2O,[13C]H3O}","{C,C,C,C,C,C}","{1,2,3,4,5,6}","0.2","Cambridge Isotope Laboratories, Inc","CLM-1396-PK ","0.99",NULL
118,"ALEsKOs01","OxicEvo04sdhCBEvo03EPEcoli13CGlc","glc_DASH_D_e","U-13C_D-Glucose","{[13C]HO,[13C]H2O,[13C]H2O,[13C]H2O,[13C]H2O,[13C]H3O}","{C,C,C,C,C,C}","{1,2,3,4,5,6}","0.2","Cambridge Isotope Laboratories, Inc","CLM-1396-PK ","0.99",NULL
119,"ALEsKOs01","OxicEvo04tpiAEvo01EPEcoli13CGlc","glc_DASH_D_e","U-13C_D-Glucose","{[13C]HO,[13C]H2O,[13C]H2O,[13C]H2O,[13C]H2O,[13C]H3O}","{C,C,C,C,C,C}","{1,2,3,4,5,6}","0.2","Cambridge Isotope Laboratories, Inc","CLM-1396-PK ","0.99",NULL
120,"ALEsKOs01","OxicEvo04tpiAEvo02EPEcoli13CGlc","glc_DASH_D_e","U-13C_D-Glucose","{[13C]HO,[13C]H2O,[13C]H2O,[13C]H2O,[13C]H2O,[13C]H3O}","{C,C,C,C,C,C}","{1,2,3,4,5,6}","0.2","Cambridge Isotope Laboratories, Inc","CLM-1396-PK ","0.99",NULL
121,"ALEsKOs01","OxicEvo04tpiAEvo03EPEcoli13CGlc","glc_DASH_D_e","U-13C_D-Glucose","{[13C]HO,[13C]H2O,[13C]H2O,[13C]H2O,[13C]H2O,[13C]H3O}","{C,C,C,C,C,C}","{1,2,3,4,5,6}","0.2","Cambridge Isotope Laboratories, Inc","CLM-1396-PK ","0.99",NULL
122,"ALEsKOs01","OxicEvo04tpiAEvo04EPEcoli13CGlc","glc_DASH_D_e","U-13C_D-Glucose","{[13C]HO,[13C]H2O,[13C]H2O,[13C]H2O,[13C]H2O,[13C]H3O}","{C,C,C,C,C,C}","{1,2,3,4,5,6}","0.2","Cambridge Isotope Laboratories, Inc","CLM-1396-PK ","0.99",NULL
123,"ALEsKOs01","OxicEvo04ptsHIcrrEcoli13CGlc","glc_DASH_D_e","U-13C_D-Glucose","{[13C]HO,[13C]H2O,[13C]H2O,[13C]H2O,[13C]H2O,[13C]H3O}","{C,C,C,C,C,C}","{1,2,3,4,5,6}","0.2","Cambridge Isotope Laboratories, Inc","CLM-1396-PK ","0.99",NULL
